<?xml version="1.0" encoding="UTF-8"?>
<!-- Created with TexturePacker http://www.codeandweb.com/texturepacker-->
<!-- $TexturePacker:SmartUpdate:64136010f914439bfd14cd219f1f6dd7:1/1$ -->
<TextureAtlas imagePath="atlas.png">
    <SubTexture name="bg/farGlass" x="3" y="3" width="1185" height="260"/>
    <SubTexture name="bg/farWoods" x="3" y="451" width="833" height="180"/>
    <SubTexture name="bg/flower" x="3" y="778" width="464" height="171"/>
    <SubTexture name="bg/glass" x="3" y="635" width="522" height="139"/>
    <SubTexture name="bg/mountain" x="3" y="267" width="1166" height="180"/>
    <SubTexture name="bg/sky" x="1499" y="3" width="10" height="518"/>
    <SubTexture name="bg/stretchSky" x="1467" y="525" width="40" height="40"/>
    <SubTexture name="bg/tree" x="1192" y="3" width="303" height="342"/>
    <SubTexture name="bg/woods" x="840" y="451" width="416" height="160"/>
    <SubTexture name="effect/fast/effect_fast_01" x="840" y="615" width="71" height="73" frameX="-3" frameY="-12" frameWidth="79" frameHeight="93"/>
    <SubTexture name="effect/fast/effect_fast_02" x="471" y="778" width="53" height="71" frameX="-19" frameY="-9" frameWidth="79" frameHeight="93"/>
    <SubTexture name="effect/fast/effect_fast_03" x="323" y="953" width="61" height="63" frameX="-7" frameY="-7" frameWidth="79" frameHeight="93"/>
    <SubTexture name="effect/fast/effect_fast_04" x="388" y="953" width="61" height="55" frameX="-14" frameY="-14" frameWidth="79" frameHeight="93"/>
    <SubTexture name="effect/fly/effect_fly_01" x="1366" y="545" width="97" height="84" frameX="0" frameY="0" frameWidth="99" frameHeight="84"/>
    <SubTexture name="effect/fly/effect_fly_02" x="1363" y="457" width="99" height="84"/>
    <SubTexture name="effect/fly/effect_fly_03" x="1260" y="457" width="99" height="84"/>
    <SubTexture name="effect/fly/effect_fly_04" x="1173" y="349" width="99" height="84"/>
    <SubTexture name="effect/smoke/effect_smoke_01" x="1122" y="997" width="57" height="24" frameX="-36" frameY="0" frameWidth="93" frameHeight="24"/>
    <SubTexture name="effect/smoke/effect_smoke_02" x="1447" y="969" width="45" height="24" frameX="-28" frameY="0" frameWidth="93" frameHeight="24"/>
    <SubTexture name="effect/smoke/effect_smoke_03" x="1212" y="998" width="25" height="14" frameX="-18" frameY="-1" frameWidth="93" frameHeight="24"/>
    <SubTexture name="effect/smoke/effect_smoke_04" x="1173" y="437" width="27" height="10" frameX="0" frameY="0" frameWidth="93" frameHeight="24"/>
    <SubTexture name="item/item_banana" x="1466" y="491" width="26" height="25"/>
    <SubTexture name="item/item_chips" x="1466" y="457" width="29" height="30"/>
    <SubTexture name="item/item_coca" x="589" y="793" width="22" height="33"/>
    <SubTexture name="item/item_coffee" x="1461" y="823" width="56" height="55"/>
    <SubTexture name="item/item_hamburger" x="1183" y="998" width="25" height="23"/>
    <SubTexture name="item/item_mushroom" x="528" y="793" width="57" height="55"/>
    <SubTexture name="panda/bomb/panda_bomb_01" x="1073" y="708" width="67" height="89" frameX="-5" frameY="0" frameWidth="79" frameHeight="93"/>
    <SubTexture name="panda/bomb/panda_bomb_02" x="1073" y="708" width="67" height="89" frameX="-5" frameY="0" frameWidth="79" frameHeight="93"/>
    <SubTexture name="panda/bomb/panda_bomb_03" x="856" y="811" width="67" height="89" frameX="-5" frameY="0" frameWidth="79" frameHeight="93"/>
    <SubTexture name="panda/bomb/panda_bomb_04" x="856" y="811" width="67" height="89" frameX="-5" frameY="0" frameWidth="79" frameHeight="93"/>
    <SubTexture name="panda/bomb/panda_bomb_05" x="1073" y="708" width="67" height="89" frameX="-6" frameY="0" frameWidth="79" frameHeight="93"/>
    <SubTexture name="panda/bomb/panda_bomb_06" x="1073" y="708" width="67" height="89" frameX="-6" frameY="0" frameWidth="79" frameHeight="93"/>
    <SubTexture name="panda/bomb/panda_bomb_07" x="856" y="811" width="67" height="89" frameX="-6" frameY="0" frameWidth="79" frameHeight="93"/>
    <SubTexture name="panda/bomb/panda_bomb_08" x="856" y="811" width="67" height="89" frameX="-6" frameY="0" frameWidth="79" frameHeight="93"/>
    <SubTexture name="panda/bruise/panda_bruise_01" x="617" y="904" width="77" height="87" frameX="-2" frameY="-6" frameWidth="79" frameHeight="93"/>
    <SubTexture name="panda/bruise/panda_bruise_02" x="635" y="714" width="79" height="89" frameX="0" frameY="0" frameWidth="79" frameHeight="93"/>
    <SubTexture name="panda/bruise/panda_bruise_03" x="775" y="811" width="77" height="87" frameX="-2" frameY="-6" frameWidth="79" frameHeight="93"/>
    <SubTexture name="panda/bruise/panda_bruise_04" x="635" y="714" width="79" height="89" frameX="0" frameY="0" frameWidth="79" frameHeight="93"/>
    <SubTexture name="panda/bruise/panda_bruise_05" x="775" y="811" width="77" height="87" frameX="-2" frameY="-6" frameWidth="79" frameHeight="93"/>
    <SubTexture name="panda/bruise/panda_bruise_06" x="635" y="714" width="79" height="89" frameX="0" frameY="0" frameWidth="79" frameHeight="93"/>
    <SubTexture name="panda/bruise/panda_bruise_07" x="471" y="853" width="77" height="93" frameX="-2" frameY="0" frameWidth="79" frameHeight="93"/>
    <SubTexture name="panda/bruise/panda_bruise_08" x="635" y="714" width="79" height="89" frameX="0" frameY="0" frameWidth="79" frameHeight="93"/>
    <SubTexture name="panda/fast/panda_fast_01" x="1365" y="633" width="69" height="89" frameX="-2" frameY="0" frameWidth="79" frameHeight="93"/>
    <SubTexture name="panda/fast/panda_fast_02" x="1290" y="624" width="71" height="89" frameX="-1" frameY="0" frameWidth="79" frameHeight="93"/>
    <SubTexture name="panda/fast/panda_fast_03" x="1215" y="624" width="71" height="89" frameX="-2" frameY="-2" frameWidth="79" frameHeight="93"/>
    <SubTexture name="panda/fast/panda_fast_04" x="1140" y="615" width="71" height="89" frameX="-3" frameY="-1" frameWidth="79" frameHeight="93"/>
    <SubTexture name="panda/fast/panda_fast_05" x="1065" y="615" width="71" height="89" frameX="-1" frameY="0" frameWidth="79" frameHeight="93"/>
    <SubTexture name="panda/fast/panda_fast_06" x="852" y="904" width="71" height="91" frameX="-3" frameY="-2" frameWidth="79" frameHeight="93"/>
    <SubTexture name="panda/fast/panda_fast_07" x="990" y="615" width="71" height="89" frameX="-2" frameY="-2" frameWidth="79" frameHeight="93"/>
    <SubTexture name="panda/fast/panda_fast_08" x="915" y="615" width="71" height="89" frameX="-1" frameY="0" frameWidth="79" frameHeight="93"/>
    <SubTexture name="panda/fly/panda_fly_01" x="1124" y="803" width="61" height="93" frameX="-6" frameY="0" frameWidth="79" frameHeight="93"/>
    <SubTexture name="panda/fly/panda_fly_02" x="1057" y="902" width="61" height="93" frameX="-6" frameY="0" frameWidth="79" frameHeight="93"/>
    <SubTexture name="panda/fly/panda_fly_03" x="1189" y="810" width="63" height="89" frameX="-6" frameY="-1" frameWidth="79" frameHeight="93"/>
    <SubTexture name="panda/fly/panda_fly_04" x="694" y="811" width="77" height="87" frameX="-1" frameY="-3" frameWidth="79" frameHeight="93"/>
    <SubTexture name="panda/fly/panda_fly_05" x="1414" y="730" width="63" height="89" frameX="-7" frameY="-1" frameWidth="79" frameHeight="93"/>
    <SubTexture name="panda/fly/panda_fly_06" x="1059" y="805" width="61" height="93" frameX="-9" frameY="0" frameWidth="79" frameHeight="93"/>
    <SubTexture name="panda/fly/panda_fly_07" x="718" y="714" width="79" height="93"/>
    <SubTexture name="panda/fly/panda_fly_08" x="1382" y="904" width="61" height="91" frameX="-9" frameY="-2" frameWidth="79" frameHeight="93"/>
    <SubTexture name="panda/jump/panda_jump_01" x="1144" y="708" width="65" height="91" frameX="-7" frameY="-2" frameWidth="79" frameHeight="93"/>
    <SubTexture name="panda/jump/panda_jump_02" x="933" y="708" width="67" height="93" frameX="-5" frameY="0" frameWidth="79" frameHeight="93"/>
    <SubTexture name="panda/jump/panda_jump_03" x="1004" y="708" width="65" height="93" frameX="-7" frameY="0" frameWidth="79" frameHeight="93"/>
    <SubTexture name="panda/jump/panda_jump_04" x="992" y="902" width="61" height="93" frameX="-9" frameY="0" frameWidth="79" frameHeight="93"/>
    <SubTexture name="panda/jump/panda_jump_05" x="775" y="902" width="73" height="93" frameX="-3" frameY="0" frameWidth="79" frameHeight="93"/>
    <SubTexture name="panda/jump/panda_jump_06" x="775" y="902" width="73" height="93" frameX="-3" frameY="0" frameWidth="79" frameHeight="93"/>
    <SubTexture name="panda/jump/panda_jump_07" x="698" y="902" width="73" height="93" frameX="-3" frameY="0" frameWidth="79" frameHeight="93"/>
    <SubTexture name="panda/jump/panda_jump_08" x="927" y="811" width="61" height="93" frameX="-9" frameY="0" frameWidth="79" frameHeight="93"/>
    <SubTexture name="panda/roll/panda_roll_01" x="1447" y="896" width="69" height="69" frameX="-5" frameY="-24" frameWidth="79" frameHeight="93"/>
    <SubTexture name="panda/roll/panda_roll_02" x="246" y="953" width="73" height="57" frameX="-3" frameY="-36" frameWidth="79" frameHeight="93"/>
    <SubTexture name="panda/roll/panda_roll_03" x="1321" y="819" width="63" height="81" frameX="-7" frameY="-12" frameWidth="79" frameHeight="93"/>
    <SubTexture name="panda/roll/panda_roll_04" x="86" y="953" width="79" height="63" frameX="0" frameY="-30" frameWidth="79" frameHeight="93"/>
    <SubTexture name="panda/roll/panda_roll_05" x="542" y="950" width="67" height="71" frameX="-6" frameY="-22" frameWidth="79" frameHeight="93"/>
    <SubTexture name="panda/roll/panda_roll_06" x="1347" y="726" width="63" height="89" frameX="-8" frameY="-4" frameWidth="79" frameHeight="93"/>
    <SubTexture name="panda/roll/panda_roll_07" x="1256" y="810" width="61" height="89" frameX="-9" frameY="-4" frameWidth="79" frameHeight="93"/>
    <SubTexture name="panda/roll/panda_roll_08" x="1438" y="633" width="61" height="93" frameX="-9" frameY="0" frameWidth="79" frameHeight="93"/>
    <SubTexture name="panda/run/panda_run_01" x="1280" y="717" width="63" height="89" frameX="-8" frameY="0" frameWidth="79" frameHeight="93"/>
    <SubTexture name="panda/run/panda_run_02" x="1317" y="904" width="61" height="91" frameX="-9" frameY="0" frameWidth="79" frameHeight="93"/>
    <SubTexture name="panda/run/panda_run_03" x="1252" y="903" width="61" height="91" frameX="-9" frameY="-2" frameWidth="79" frameHeight="93"/>
    <SubTexture name="panda/run/panda_run_04" x="1187" y="903" width="61" height="91" frameX="-9" frameY="-1" frameWidth="79" frameHeight="93"/>
    <SubTexture name="panda/run/panda_run_05" x="992" y="805" width="63" height="93" frameX="-8" frameY="0" frameWidth="79" frameHeight="93"/>
    <SubTexture name="panda/run/panda_run_06" x="1122" y="902" width="61" height="91" frameX="-9" frameY="-2" frameWidth="79" frameHeight="93"/>
    <SubTexture name="panda/run/panda_run_07" x="927" y="908" width="61" height="91" frameX="-9" frameY="-2" frameWidth="79" frameHeight="93"/>
    <SubTexture name="panda/run/panda_run_08" x="801" y="714" width="61" height="93" frameX="-9" frameY="0" frameWidth="79" frameHeight="93"/>
    <SubTexture name="panda/somersault/panda_somersault_01" x="1388" y="823" width="69" height="69" frameX="-5" frameY="-12" frameWidth="79" frameHeight="93"/>
    <SubTexture name="panda/somersault/panda_somersault_02" x="169" y="953" width="73" height="57" frameX="-3" frameY="-18" frameWidth="79" frameHeight="93"/>
    <SubTexture name="panda/somersault/panda_somersault_03" x="866" y="726" width="63" height="81" frameX="-7" frameY="-6" frameWidth="79" frameHeight="93"/>
    <SubTexture name="panda/somersault/panda_somersault_04" x="3" y="953" width="79" height="63" frameX="0" frameY="-15" frameWidth="79" frameHeight="93"/>
    <SubTexture name="panda/somersault/panda_somersault_05" x="471" y="950" width="67" height="71" frameX="-6" frameY="-10" frameWidth="79" frameHeight="93"/>
    <SubTexture name="panda/somersault/panda_somersault_06" x="1213" y="717" width="63" height="89" frameX="-8" frameY="-1" frameWidth="79" frameHeight="93"/>
    <SubTexture name="panda/somersault/panda_somersault_07" x="617" y="807" width="73" height="93" frameX="-3" frameY="0" frameWidth="79" frameHeight="93"/>
    <SubTexture name="panda/somersault/panda_somersault_08" x="552" y="852" width="61" height="93" frameX="-9" frameY="0" frameWidth="79" frameHeight="93"/>
    <SubTexture name="platform/platform_l" x="529" y="714" width="102" height="75"/>
    <SubTexture name="platform/platform_m" x="529" y="635" width="290" height="75"/>
    <SubTexture name="platform/platform_r" x="1260" y="545" width="102" height="75"/>
    <SubTexture name="ui/pauseButton" x="1384" y="349" width="104" height="104" frameX="-12" frameY="-12" frameWidth="128" frameHeight="128"/>
    <SubTexture name="ui/playButton" x="1276" y="349" width="104" height="104" frameX="-12" frameY="-12" frameWidth="128" frameHeight="128"/>
</TextureAtlas>
