<?xml version="1.0" encoding="UTF-8"?>
<!-- Created with TexturePacker http://www.codeandweb.com/texturepacker-->
<!-- $TexturePacker:SmartUpdate:3adce3f66b1896c03e836a8cb9a2f247:1/1$ -->
<TextureAtlas imagePath="tiles.png">
    <SubTexture name="blocks/blocks_000" x="392" y="840" width="56" height="56"/>
    <SubTexture name="blocks/blocks_001" x="392" y="784" width="56" height="56"/>
    <SubTexture name="blocks/blocks_002" x="392" y="728" width="56" height="56"/>
    <SubTexture name="blocks/blocks_003" x="392" y="672" width="56" height="56"/>
    <SubTexture name="blocks/blocks_004" x="392" y="616" width="56" height="56"/>
    <SubTexture name="blocks/blocks_005" x="392" y="560" width="56" height="56"/>
    <SubTexture name="blocks/blocks_006" x="392" y="504" width="56" height="56"/>
    <SubTexture name="blocks/blocks_007" x="392" y="448" width="56" height="56"/>
    <SubTexture name="blocks/blocks_008" x="392" y="392" width="56" height="56"/>
    <SubTexture name="blocks/blocks_009" x="952" y="336" width="56" height="56"/>
    <SubTexture name="blocks/blocks_010" x="896" y="336" width="56" height="56"/>
    <SubTexture name="blocks/blocks_011" x="840" y="336" width="56" height="56"/>
    <SubTexture name="blocks/blocks_012" x="784" y="336" width="56" height="56"/>
    <SubTexture name="blocks/blocks_013" x="728" y="336" width="56" height="56"/>
    <SubTexture name="blocks/blocks_014" x="672" y="336" width="56" height="56"/>
    <SubTexture name="blocks/blocks_015" x="616" y="336" width="56" height="56"/>
    <SubTexture name="blocks/blocks_016" x="560" y="336" width="56" height="56"/>
    <SubTexture name="blocks/blocks_017" x="504" y="336" width="56" height="56"/>
    <SubTexture name="blocks/blocks_018" x="448" y="336" width="56" height="56"/>
    <SubTexture name="clay/clay_000" x="392" y="336" width="56" height="56"/>
    <SubTexture name="clay/clay_001" x="336" y="952" width="56" height="56"/>
    <SubTexture name="clay/clay_002" x="336" y="896" width="56" height="56"/>
    <SubTexture name="clay/clay_003" x="336" y="840" width="56" height="56"/>
    <SubTexture name="clay/clay_004" x="336" y="784" width="56" height="56"/>
    <SubTexture name="clay/clay_005" x="336" y="728" width="56" height="56"/>
    <SubTexture name="clay/clay_006" x="336" y="672" width="56" height="56"/>
    <SubTexture name="clay/clay_007" x="336" y="616" width="56" height="56"/>
    <SubTexture name="clay/clay_008" x="336" y="560" width="56" height="56"/>
    <SubTexture name="clay/clay_009" x="336" y="504" width="56" height="56"/>
    <SubTexture name="clay/clay_010" x="336" y="448" width="56" height="56"/>
    <SubTexture name="clay/clay_011" x="336" y="392" width="56" height="56"/>
    <SubTexture name="clay/clay_012" x="336" y="336" width="56" height="56"/>
    <SubTexture name="clay/clay_013" x="952" y="280" width="56" height="56"/>
    <SubTexture name="clay/clay_014" x="896" y="280" width="56" height="56"/>
    <SubTexture name="clay/clay_015" x="840" y="280" width="56" height="56"/>
    <SubTexture name="clay/clay_016" x="784" y="280" width="56" height="56"/>
    <SubTexture name="clay/clay_017" x="728" y="280" width="56" height="56"/>
    <SubTexture name="clouds/cloud_000" x="672" y="280" width="56" height="56"/>
    <SubTexture name="clouds/cloud_001" x="616" y="280" width="56" height="56"/>
    <SubTexture name="clouds/cloud_002" x="560" y="280" width="56" height="56"/>
    <SubTexture name="clouds/cloud_003" x="504" y="280" width="56" height="56"/>
    <SubTexture name="clouds/cloud_004" x="448" y="280" width="56" height="56"/>
    <SubTexture name="clouds/cloud_005" x="392" y="280" width="56" height="56"/>
    <SubTexture name="dangers/dangers_000" x="336" y="280" width="56" height="56"/>
    <SubTexture name="dangers/dangers_001" x="280" y="952" width="56" height="56"/>
    <SubTexture name="dangers/dangers_002" x="280" y="896" width="56" height="56"/>
    <SubTexture name="dangers/dangers_003" x="280" y="840" width="56" height="56"/>
    <SubTexture name="dangers/dangers_004" x="280" y="784" width="56" height="56"/>
    <SubTexture name="dangers/dangers_005" x="280" y="728" width="56" height="56"/>
    <SubTexture name="dangers/dangers_006" x="280" y="672" width="56" height="56"/>
    <SubTexture name="dangers/dangers_007" x="280" y="616" width="56" height="56"/>
    <SubTexture name="dangers/dangers_008" x="280" y="560" width="56" height="56"/>
    <SubTexture name="dangers/dangers_009" x="280" y="504" width="56" height="56"/>
    <SubTexture name="dangers/dangers_010" x="280" y="448" width="56" height="56"/>
    <SubTexture name="dangers/dangers_011" x="280" y="392" width="56" height="56"/>
    <SubTexture name="dangers/dangers_012" x="280" y="336" width="56" height="56"/>
    <SubTexture name="dungeon/dungeon_000" x="280" y="280" width="56" height="56"/>
    <SubTexture name="dungeon/dungeon_001" x="952" y="224" width="56" height="56"/>
    <SubTexture name="dungeon/dungeon_002" x="896" y="224" width="56" height="56"/>
    <SubTexture name="dungeon/dungeon_003" x="840" y="224" width="56" height="56"/>
    <SubTexture name="dungeon/dungeon_004" x="784" y="224" width="56" height="56"/>
    <SubTexture name="dungeon/dungeon_005" x="728" y="224" width="56" height="56"/>
    <SubTexture name="dungeon/dungeon_006" x="672" y="224" width="56" height="56"/>
    <SubTexture name="dungeon/dungeon_007" x="616" y="224" width="56" height="56"/>
    <SubTexture name="dungeon/dungeon_008" x="560" y="224" width="56" height="56"/>
    <SubTexture name="dungeon/dungeon_009" x="504" y="224" width="56" height="56"/>
    <SubTexture name="dungeon/dungeon_010" x="448" y="224" width="56" height="56"/>
    <SubTexture name="fences/fences_000" x="392" y="224" width="56" height="56"/>
    <SubTexture name="fences/fences_001" x="336" y="224" width="56" height="56"/>
    <SubTexture name="fences/fences_002" x="280" y="224" width="56" height="56"/>
    <SubTexture name="fences/fences_003" x="224" y="952" width="56" height="56"/>
    <SubTexture name="flags/flags_000" x="224" y="896" width="56" height="56"/>
    <SubTexture name="flags/flags_001" x="224" y="840" width="56" height="56"/>
    <SubTexture name="flags/flags_002" x="224" y="784" width="56" height="56"/>
    <SubTexture name="flags/flags_003" x="224" y="728" width="56" height="56"/>
    <SubTexture name="flags/flags_004" x="224" y="672" width="56" height="56"/>
    <SubTexture name="flags/flags_005" x="224" y="616" width="56" height="56"/>
    <SubTexture name="flags/flags_006" x="224" y="560" width="56" height="56"/>
    <SubTexture name="flags/flags_007" x="224" y="504" width="56" height="56"/>
    <SubTexture name="flags/flags_008" x="224" y="448" width="56" height="56"/>
    <SubTexture name="flags/flags_009" x="224" y="392" width="56" height="56"/>
    <SubTexture name="flags/flags_010" x="224" y="336" width="56" height="56"/>
    <SubTexture name="flags/flags_011" x="224" y="280" width="56" height="56"/>
    <SubTexture name="grass/grass_000" x="224" y="224" width="56" height="56"/>
    <SubTexture name="grass/grass_001" x="952" y="168" width="56" height="56"/>
    <SubTexture name="grass/grass_002" x="896" y="168" width="56" height="56"/>
    <SubTexture name="grass/grass_003" x="840" y="168" width="56" height="56"/>
    <SubTexture name="grass/grass_004" x="784" y="168" width="56" height="56"/>
    <SubTexture name="grass/grass_005" x="728" y="168" width="56" height="56"/>
    <SubTexture name="grass/grass_006" x="672" y="168" width="56" height="56"/>
    <SubTexture name="grass/grass_007" x="616" y="168" width="56" height="56"/>
    <SubTexture name="grass/grass_008" x="560" y="168" width="56" height="56"/>
    <SubTexture name="grass/grass_009" x="504" y="168" width="56" height="56"/>
    <SubTexture name="grass/grass_010" x="448" y="168" width="56" height="56"/>
    <SubTexture name="grass/grass_011" x="392" y="168" width="56" height="56"/>
    <SubTexture name="grass/grass_012" x="336" y="168" width="56" height="56"/>
    <SubTexture name="grass/grass_013" x="280" y="168" width="56" height="56"/>
    <SubTexture name="grass/grass_014" x="224" y="168" width="56" height="56"/>
    <SubTexture name="grass/grass_015" x="168" y="952" width="56" height="56"/>
    <SubTexture name="grass/grass_016" x="168" y="896" width="56" height="56"/>
    <SubTexture name="grass/grass_017" x="168" y="840" width="56" height="56"/>
    <SubTexture name="grave/grave_000" x="168" y="784" width="56" height="56"/>
    <SubTexture name="grave/grave_001" x="168" y="728" width="56" height="56"/>
    <SubTexture name="grave/grave_002" x="168" y="672" width="56" height="56"/>
    <SubTexture name="grave/grave_003" x="168" y="616" width="56" height="56"/>
    <SubTexture name="grave/grave_004" x="168" y="560" width="56" height="56"/>
    <SubTexture name="grave/grave_005" x="168" y="504" width="56" height="56"/>
    <SubTexture name="grave/grave_006" x="168" y="448" width="56" height="56"/>
    <SubTexture name="grave/grave_007" x="168" y="392" width="56" height="56"/>
    <SubTexture name="grave/grave_008" x="168" y="336" width="56" height="56"/>
    <SubTexture name="grave/grave_009" x="168" y="280" width="56" height="56"/>
    <SubTexture name="grave/grave_010" x="168" y="224" width="56" height="56"/>
    <SubTexture name="grave/grave_011" x="168" y="168" width="56" height="56"/>
    <SubTexture name="grave/grave_012" x="952" y="112" width="56" height="56"/>
    <SubTexture name="grave/grave_013" x="896" y="112" width="56" height="56"/>
    <SubTexture name="grave/grave_014" x="840" y="112" width="56" height="56"/>
    <SubTexture name="grave/grave_015" x="784" y="112" width="56" height="56"/>
    <SubTexture name="grave/grave_016" x="728" y="112" width="56" height="56"/>
    <SubTexture name="grave/grave_017" x="672" y="112" width="56" height="56"/>
    <SubTexture name="powerups/diamond_blue" x="616" y="112" width="56" height="56"/>
    <SubTexture name="powerups/diamond_green" x="560" y="112" width="56" height="56"/>
    <SubTexture name="powerups/diamond_orange" x="504" y="112" width="56" height="56"/>
    <SubTexture name="powerups/diamond_yellow" x="448" y="112" width="56" height="56"/>
    <SubTexture name="powerups/mushroom_brown" x="392" y="112" width="56" height="56"/>
    <SubTexture name="powerups/mushroom_red" x="336" y="112" width="56" height="56"/>
    <SubTexture name="powerups/pu_001" x="280" y="112" width="56" height="56"/>
    <SubTexture name="powerups/pu_002" x="224" y="112" width="56" height="56"/>
    <SubTexture name="powerups/pu_003" x="168" y="112" width="56" height="56"/>
    <SubTexture name="powerups/pu_004" x="112" y="952" width="56" height="56"/>
    <SubTexture name="powerups/pu_007" x="112" y="896" width="56" height="56"/>
    <SubTexture name="powerups/star" x="112" y="840" width="56" height="56"/>
    <SubTexture name="props/bush" x="112" y="784" width="56" height="56"/>
    <SubTexture name="props/cactus" x="112" y="728" width="56" height="56"/>
    <SubTexture name="props/grass" x="112" y="672" width="56" height="56"/>
    <SubTexture name="props/props_003" x="112" y="616" width="56" height="56"/>
    <SubTexture name="props/props_005" x="112" y="560" width="56" height="56"/>
    <SubTexture name="props/props_006" x="112" y="504" width="56" height="56"/>
    <SubTexture name="props/props_007" x="112" y="448" width="56" height="56"/>
    <SubTexture name="props/stone" x="112" y="392" width="56" height="56"/>
    <SubTexture name="sand/sand_000" x="112" y="336" width="56" height="56"/>
    <SubTexture name="sand/sand_001" x="112" y="280" width="56" height="56"/>
    <SubTexture name="sand/sand_002" x="112" y="224" width="56" height="56"/>
    <SubTexture name="sand/sand_003" x="112" y="168" width="56" height="56"/>
    <SubTexture name="sand/sand_004" x="112" y="112" width="56" height="56"/>
    <SubTexture name="sand/sand_005" x="952" y="56" width="56" height="56"/>
    <SubTexture name="sand/sand_006" x="840" y="168" width="56" height="56"/>
    <SubTexture name="sand/sand_007" x="672" y="168" width="56" height="56"/>
    <SubTexture name="sand/sand_008" x="896" y="56" width="56" height="56"/>
    <SubTexture name="sand/sand_009" x="840" y="56" width="56" height="56"/>
    <SubTexture name="sand/sand_010" x="784" y="56" width="56" height="56"/>
    <SubTexture name="sand/sand_011" x="728" y="56" width="56" height="56"/>
    <SubTexture name="sand/sand_012" x="672" y="56" width="56" height="56"/>
    <SubTexture name="sand/sand_013" x="616" y="56" width="56" height="56"/>
    <SubTexture name="sand/sand_014" x="560" y="56" width="56" height="56"/>
    <SubTexture name="sand/sand_015" x="504" y="56" width="56" height="56"/>
    <SubTexture name="sand/sand_016" x="448" y="56" width="56" height="56"/>
    <SubTexture name="sand/sand_017" x="392" y="56" width="56" height="56"/>
    <SubTexture name="signs/exit" x="336" y="56" width="56" height="56"/>
    <SubTexture name="signs/left" x="280" y="56" width="56" height="56"/>
    <SubTexture name="signs/right" x="224" y="56" width="56" height="56"/>
    <SubTexture name="signs/sign" x="168" y="56" width="56" height="56"/>
    <SubTexture name="snow/snow_000" x="112" y="56" width="56" height="56"/>
    <SubTexture name="snow/snow_001" x="56" y="952" width="56" height="56"/>
    <SubTexture name="snow/snow_002" x="56" y="896" width="56" height="56"/>
    <SubTexture name="snow/snow_003" x="56" y="840" width="56" height="56"/>
    <SubTexture name="snow/snow_004" x="56" y="784" width="56" height="56"/>
    <SubTexture name="snow/snow_005" x="56" y="728" width="56" height="56"/>
    <SubTexture name="snow/snow_006" x="56" y="672" width="56" height="56"/>
    <SubTexture name="snow/snow_007" x="56" y="616" width="56" height="56"/>
    <SubTexture name="snow/snow_008" x="56" y="560" width="56" height="56"/>
    <SubTexture name="snow/snow_009" x="56" y="504" width="56" height="56"/>
    <SubTexture name="snow/snow_010" x="56" y="448" width="56" height="56"/>
    <SubTexture name="snow/snow_011" x="56" y="392" width="56" height="56"/>
    <SubTexture name="snow/snow_012" x="56" y="336" width="56" height="56"/>
    <SubTexture name="snow/snow_013" x="896" y="280" width="56" height="56"/>
    <SubTexture name="snow/snow_014" x="56" y="280" width="56" height="56"/>
    <SubTexture name="snow/snow_015" x="784" y="280" width="56" height="56"/>
    <SubTexture name="snow/snow_016" x="56" y="224" width="56" height="56"/>
    <SubTexture name="snow/snow_017" x="56" y="168" width="56" height="56"/>
    <SubTexture name="stone/stone_000" x="56" y="112" width="56" height="56"/>
    <SubTexture name="stone/stone_001" x="56" y="56" width="56" height="56"/>
    <SubTexture name="stone/stone_002" x="952" y="0" width="56" height="56"/>
    <SubTexture name="stone/stone_003" x="896" y="0" width="56" height="56"/>
    <SubTexture name="stone/stone_004" x="840" y="0" width="56" height="56"/>
    <SubTexture name="stone/stone_005" x="392" y="951" width="56" height="55"/>
    <SubTexture name="stone/stone_006" x="392" y="896" width="56" height="55"/>
    <SubTexture name="stone/stone_007" x="784" y="0" width="56" height="56"/>
    <SubTexture name="stone/stone_008" x="728" y="0" width="56" height="56"/>
    <SubTexture name="stone/stone_009" x="672" y="0" width="56" height="56"/>
    <SubTexture name="stone/stone_010" x="616" y="0" width="56" height="56"/>
    <SubTexture name="stone/stone_011" x="560" y="0" width="56" height="56"/>
    <SubTexture name="stone/stone_012" x="504" y="0" width="56" height="56"/>
    <SubTexture name="stone/stone_013" x="448" y="0" width="56" height="56"/>
    <SubTexture name="stone/stone_014" x="392" y="0" width="56" height="56"/>
    <SubTexture name="stone/stone_015" x="336" y="0" width="56" height="56"/>
    <SubTexture name="stone/stone_016" x="280" y="0" width="56" height="56"/>
    <SubTexture name="stone/stone_017" x="224" y="0" width="56" height="56"/>
    <SubTexture name="triggers/key_blue" x="168" y="0" width="56" height="56"/>
    <SubTexture name="triggers/key_green" x="112" y="0" width="56" height="56"/>
    <SubTexture name="triggers/key_orange" x="56" y="0" width="56" height="56"/>
    <SubTexture name="triggers/key_yellow" x="0" y="952" width="56" height="56"/>
    <SubTexture name="triggers/lock_blue" x="0" y="896" width="56" height="56"/>
    <SubTexture name="triggers/lock_green" x="0" y="840" width="56" height="56"/>
    <SubTexture name="triggers/lock_orange" x="0" y="784" width="56" height="56"/>
    <SubTexture name="triggers/lock_yellow" x="0" y="728" width="56" height="56"/>
    <SubTexture name="triggers/trampoline_down" x="0" y="672" width="56" height="56"/>
    <SubTexture name="triggers/trampoline_up" x="0" y="616" width="56" height="56"/>
    <SubTexture name="triggers/trigger_005" x="0" y="560" width="56" height="56"/>
    <SubTexture name="triggers/trigger_006" x="0" y="504" width="56" height="56"/>
    <SubTexture name="triggers/trigger_007" x="0" y="448" width="56" height="56"/>
    <SubTexture name="triggers/trigger_008" x="0" y="392" width="56" height="56"/>
    <SubTexture name="triggers/trigger_009" x="0" y="336" width="56" height="56"/>
    <SubTexture name="triggers/trigger_010" x="0" y="280" width="56" height="56"/>
    <SubTexture name="triggers/trigger_011" x="0" y="224" width="56" height="56"/>
    <SubTexture name="triggers/trigger_012" x="0" y="168" width="56" height="56"/>
    <SubTexture name="triggers/trigger_018" x="0" y="112" width="56" height="56"/>
    <SubTexture name="triggers/trigger_019" x="0" y="56" width="56" height="56"/>
    <SubTexture name="triggers/trigger_020" x="0" y="0" width="56" height="56"/>
</TextureAtlas>
