<?xml version="1.0" encoding="UTF-8"?>
<!-- Created with TexturePacker http://texturepacker.com-->
<!-- $TexturePacker:SmartUpdate:9de7e6374137845d0bd7523a0ccb88dc$ -->
<TextureAtlas imagePath="objects.png">
    <SubTexture name="attack/0000" x="326" y="2" width="106" height="184" frameX="0" frameY="0" frameWidth="108" frameHeight="184"/>
    <SubTexture name="attack/0001" x="218" y="2" width="106" height="184" frameX="0" frameY="0" frameWidth="108" frameHeight="184"/>
    <SubTexture name="attack/0002" x="110" y="2" width="106" height="184" frameX="0" frameY="0" frameWidth="108" frameHeight="184"/>
    <SubTexture name="attack/0003" x="2" y="2" width="106" height="184" frameX="0" frameY="0" frameWidth="108" frameHeight="184"/>
    <SubTexture name="attack/0004" x="207" y="310" width="94" height="184" frameX="-12" frameY="0" frameWidth="108" frameHeight="184"/>
    <SubTexture name="attack/0005" x="2" y="374" width="86" height="184" frameX="-20" frameY="0" frameWidth="108" frameHeight="184"/>
    <SubTexture name="attack/0006" x="384" y="421" width="78" height="184" frameX="-28" frameY="0" frameWidth="108" frameHeight="184"/>
    <SubTexture name="attack/0007" x="90" y="499" width="77" height="184" frameX="-29" frameY="0" frameWidth="108" frameHeight="184"/>
    <SubTexture name="attack/0008" x="195" y="496" width="77" height="184" frameX="-29" frameY="0" frameWidth="108" frameHeight="184"/>
    <SubTexture name="attack/0009" x="303" y="310" width="79" height="184" frameX="-27" frameY="0" frameWidth="108" frameHeight="184"/>
    <SubTexture name="attack/0010" x="105" y="313" width="88" height="184" frameX="-18" frameY="0" frameWidth="108" frameHeight="184"/>
    <SubTexture name="attack/0011" x="2" y="188" width="101" height="184" frameX="-5" frameY="0" frameWidth="108" frameHeight="184"/>
    <SubTexture name="bag" x="2" y="979" width="47" height="35" frameX="0" frameY="0" frameWidth="48" frameHeight="37"/>
    <SubTexture name="block1" x="307" y="188" width="98" height="120"/>
    <SubTexture name="block2" x="207" y="188" width="98" height="120"/>
    <SubTexture name="block3" x="105" y="188" width="100" height="123"/>
    <SubTexture name="blockDestroyed" x="407" y="299" width="97" height="120"/>
    <SubTexture name="cash" x="407" y="188" width="98" height="109"/>
    <SubTexture name="coin" x="80" y="685" width="63" height="73" frameX="-1" frameY="-1" frameWidth="65" frameHeight="75"/>
    <SubTexture name="fire/0000" x="150" y="793" width="72" height="184" frameX="0" frameY="0" frameWidth="76" frameHeight="184"/>
    <SubTexture name="fire/0001" x="76" y="793" width="72" height="184" frameX="0" frameY="0" frameWidth="76" frameHeight="184"/>
    <SubTexture name="fire/0002" x="76" y="793" width="72" height="184" frameX="0" frameY="0" frameWidth="76" frameHeight="184"/>
    <SubTexture name="fire/0003" x="76" y="793" width="72" height="184" frameX="0" frameY="0" frameWidth="76" frameHeight="184"/>
    <SubTexture name="fire/0004" x="76" y="793" width="72" height="184" frameX="0" frameY="0" frameWidth="76" frameHeight="184"/>
    <SubTexture name="fire/0005" x="76" y="793" width="72" height="184" frameX="0" frameY="0" frameWidth="76" frameHeight="184"/>
    <SubTexture name="fire/0006" x="76" y="793" width="72" height="184" frameX="0" frameY="0" frameWidth="76" frameHeight="184"/>
    <SubTexture name="fire/0007" x="76" y="793" width="72" height="184" frameX="0" frameY="0" frameWidth="76" frameHeight="184"/>
    <SubTexture name="fire/0008" x="76" y="793" width="72" height="184" frameX="0" frameY="0" frameWidth="76" frameHeight="184"/>
    <SubTexture name="fire/0009" x="76" y="793" width="72" height="184" frameX="0" frameY="0" frameWidth="76" frameHeight="184"/>
    <SubTexture name="fire/0010" x="76" y="793" width="72" height="184" frameX="0" frameY="0" frameWidth="76" frameHeight="184"/>
    <SubTexture name="fire/0011" x="2" y="793" width="72" height="184" frameX="0" frameY="0" frameWidth="76" frameHeight="184"/>
    <SubTexture name="fire/0012" x="2" y="793" width="72" height="184" frameX="0" frameY="0" frameWidth="76" frameHeight="184"/>
    <SubTexture name="fire/0013" x="2" y="793" width="72" height="184" frameX="0" frameY="0" frameWidth="76" frameHeight="184"/>
    <SubTexture name="fire/0014" x="2" y="793" width="72" height="184" frameX="0" frameY="0" frameWidth="76" frameHeight="184"/>
    <SubTexture name="fire/0015" x="2" y="793" width="72" height="184" frameX="0" frameY="0" frameWidth="76" frameHeight="184"/>
    <SubTexture name="fire/0016" x="2" y="793" width="72" height="184" frameX="0" frameY="0" frameWidth="76" frameHeight="184"/>
    <SubTexture name="fire/0017" x="2" y="793" width="72" height="184" frameX="0" frameY="0" frameWidth="76" frameHeight="184"/>
    <SubTexture name="fire/0018" x="2" y="793" width="72" height="184" frameX="0" frameY="0" frameWidth="76" frameHeight="184"/>
    <SubTexture name="fire/0019" x="2" y="793" width="72" height="184" frameX="0" frameY="0" frameWidth="76" frameHeight="184"/>
    <SubTexture name="fire/0020" x="2" y="793" width="72" height="184" frameX="0" frameY="0" frameWidth="76" frameHeight="184"/>
    <SubTexture name="fire/0021" x="430" y="607" width="76" height="184"/>
    <SubTexture name="fire/0022" x="430" y="607" width="76" height="184"/>
    <SubTexture name="fire/0023" x="430" y="607" width="76" height="184"/>
    <SubTexture name="fire/0024" x="430" y="607" width="76" height="184"/>
    <SubTexture name="fire/0025" x="430" y="607" width="76" height="184"/>
    <SubTexture name="fire/0026" x="430" y="607" width="76" height="184"/>
    <SubTexture name="fire/0027" x="430" y="607" width="76" height="184"/>
    <SubTexture name="fire/0028" x="430" y="607" width="76" height="184"/>
    <SubTexture name="fire/0029" x="430" y="607" width="76" height="184"/>
    <SubTexture name="fire/0030" x="430" y="607" width="76" height="184"/>
    <SubTexture name="fire/0031" x="352" y="607" width="76" height="184"/>
    <SubTexture name="stand/0000" x="297" y="793" width="71" height="180" frameX="0" frameY="0" frameWidth="72" frameHeight="180"/>
    <SubTexture name="stand/0001" x="297" y="793" width="71" height="180" frameX="0" frameY="0" frameWidth="72" frameHeight="180"/>
    <SubTexture name="stand/0002" x="297" y="793" width="71" height="180" frameX="0" frameY="0" frameWidth="72" frameHeight="180"/>
    <SubTexture name="stand/0003" x="297" y="793" width="71" height="180" frameX="0" frameY="0" frameWidth="72" frameHeight="180"/>
    <SubTexture name="stand/0004" x="297" y="793" width="71" height="180" frameX="0" frameY="0" frameWidth="72" frameHeight="180"/>
    <SubTexture name="stand/0005" x="297" y="793" width="71" height="180" frameX="0" frameY="0" frameWidth="72" frameHeight="180"/>
    <SubTexture name="stand/0006" x="297" y="793" width="71" height="180" frameX="0" frameY="0" frameWidth="72" frameHeight="180"/>
    <SubTexture name="stand/0007" x="297" y="793" width="71" height="180" frameX="0" frameY="0" frameWidth="72" frameHeight="180"/>
    <SubTexture name="stand/0008" x="297" y="793" width="71" height="180" frameX="0" frameY="0" frameWidth="72" frameHeight="180"/>
    <SubTexture name="stand/0009" x="297" y="793" width="71" height="180" frameX="0" frameY="0" frameWidth="72" frameHeight="180"/>
    <SubTexture name="stand/0010" x="297" y="793" width="71" height="180" frameX="0" frameY="0" frameWidth="72" frameHeight="180"/>
    <SubTexture name="stand/0011" x="297" y="793" width="71" height="180" frameX="0" frameY="0" frameWidth="72" frameHeight="180"/>
    <SubTexture name="stand/0012" x="297" y="793" width="71" height="180" frameX="0" frameY="0" frameWidth="72" frameHeight="180"/>
    <SubTexture name="stand/0013" x="297" y="793" width="71" height="180" frameX="0" frameY="0" frameWidth="72" frameHeight="180"/>
    <SubTexture name="stand/0014" x="370" y="793" width="71" height="177" frameX="0" frameY="-3" frameWidth="72" frameHeight="180"/>
    <SubTexture name="stand/0015" x="370" y="793" width="71" height="177" frameX="0" frameY="-3" frameWidth="72" frameHeight="180"/>
    <SubTexture name="stand/0016" x="370" y="793" width="71" height="177" frameX="0" frameY="-3" frameWidth="72" frameHeight="180"/>
    <SubTexture name="stand/0017" x="370" y="793" width="71" height="177" frameX="0" frameY="-3" frameWidth="72" frameHeight="180"/>
    <SubTexture name="stand/0018" x="370" y="793" width="71" height="177" frameX="0" frameY="-3" frameWidth="72" frameHeight="180"/>
    <SubTexture name="stand/0019" x="370" y="793" width="71" height="177" frameX="0" frameY="-3" frameWidth="72" frameHeight="180"/>
    <SubTexture name="stand/0020" x="370" y="793" width="71" height="177" frameX="0" frameY="-3" frameWidth="72" frameHeight="180"/>
    <SubTexture name="stand/0021" x="370" y="793" width="71" height="177" frameX="0" frameY="-3" frameWidth="72" frameHeight="180"/>
    <SubTexture name="stand/0022" x="370" y="793" width="71" height="177" frameX="0" frameY="-3" frameWidth="72" frameHeight="180"/>
    <SubTexture name="stand/0023" x="370" y="793" width="71" height="177" frameX="0" frameY="-3" frameWidth="72" frameHeight="180"/>
    <SubTexture name="stand/0024" x="370" y="793" width="71" height="177" frameX="0" frameY="-3" frameWidth="72" frameHeight="180"/>
    <SubTexture name="stand/0025" x="370" y="793" width="71" height="177" frameX="0" frameY="-3" frameWidth="72" frameHeight="180"/>
    <SubTexture name="stand/0026" x="370" y="793" width="71" height="177" frameX="0" frameY="-3" frameWidth="72" frameHeight="180"/>
    <SubTexture name="stand/0027" x="370" y="793" width="71" height="177" frameX="0" frameY="-3" frameWidth="72" frameHeight="180"/>
    <SubTexture name="stand/0028" x="370" y="793" width="71" height="177" frameX="0" frameY="-3" frameWidth="72" frameHeight="180"/>
    <SubTexture name="stand/0029" x="224" y="793" width="71" height="180" frameX="0" frameY="0" frameWidth="72" frameHeight="180"/>
    <SubTexture name="walk/0000" x="274" y="496" width="76" height="184"/>
    <SubTexture name="walk/0001" x="274" y="496" width="76" height="184"/>
    <SubTexture name="walk/0002" x="274" y="496" width="76" height="184"/>
    <SubTexture name="walk/0003" x="274" y="496" width="76" height="184"/>
    <SubTexture name="walk/0004" x="2" y="560" width="76" height="184"/>
    <SubTexture name="walk/0005" x="2" y="560" width="76" height="184"/>
    <SubTexture name="walk/0006" x="2" y="560" width="76" height="184"/>
    <SubTexture name="walk/0007" x="2" y="560" width="76" height="184"/>
    <SubTexture name="walk/0008" x="434" y="2" width="76" height="184"/>
    <SubTexture name="walk/0009" x="434" y="2" width="76" height="184"/>
    <SubTexture name="walk/0010" x="434" y="2" width="76" height="184"/>
    <SubTexture name="walk/0011" x="434" y="2" width="76" height="184"/>
</TextureAtlas>
